"X","Loneliness","Composite.Warmth.Index"
1,2.6,0.1032257757
2,2.7,0.2661498118
3,2.55,-0.3722286576
4,2.75,0.4662753413
5,2.85,0.5038670635
6,2.35,0.4537381239
7,2.3,1.1547628203
8,2.25,0.2160009422
9,1.5,0.2160009422
10,1.55,-1.0356616319
11,1.9,0.17840922
12,2,-0.4223575972
13,1.75,0.491329846
14,1,0.491329846
15,3.1,-0.4599493194
16,2.7,-0.1846204155
17,2.25,-0.4474320321
18,2.6,0.5038670635
19,2.15,0.8418421942
20,1.8,0.2034836548
21,2.3,-0.1721031282
22,1.95,0.8167876895
23,3.25,0.1032257757
24,2.55,-0.1219741886
25,2.15,-1.0231244144
26,3,0.1909464374
27,2.05,-0.1595659108
28,1.4,-0.0968997538
29,2.5,-0.4724865368
30,1.85,-0.1219741886
31,1.9,0.1032257757
32,1.8,0.17840922
33,3.6,-0.4223575972
34,2.75,0.491329846
35,2.55,0.8543794116
36,3.15,0.1909464374
37,2.4,-0.760332728
38,2.2,-0.0968997538
39,2.45,-1.0231244144
40,2.75,-1.761740833
41,2.45,-0.1219741886
42,2.15,-0.1094369712
43,2.65,0.7666587499
44,2.55,-0.3722286576
45,1.9,-0.1094369712
46,1.75,-0.071845249
47,2.55,-0.4223575972
48,2.05,-0.1470286933
49,1.8,0.1032257757
50,2.3,1.1171710981
51,1.95,-0.071845249
52,2.25,0.1533547153
53,2,0.1909464374
54,1.75,0.5038670635
55,3.45,0.1533547153
56,1.15,1.1171710981
57,2.05,-0.1094369712
58,2.55,-0.4599493194
59,3.25,0.6777259932
60,3.5,-0.7728699454
61,2.5,-0.4223575972
62,2.8,0.1909464374
63,1.5,0.491329846
64,3.05,-0.1094369712
65,2.25,-0.1094369712
66,1.7,-0.1094369712
67,3.2,1.1171710981
68,2,0.17840922
69,2.75,-0.7352782233
70,1.85,0.8167876895
71,2.15,-0.7854071628
72,2.9,0.1909464374
73,1.9,0.5289215682
74,2.6,-1.0356616319
75,2,-0.4724865368
76,2.7,-0.1846204155
77,1.75,-0.7102037884
78,2.6,-0.7227410058
79,1.75,0.553996003
80,1.9,0.1909464374
81,1.6,0.17840922
82,2.85,-0.1094369712
83,2.8,0.491329846
84,1.8,-0.4599493194
85,1.8,0.1909464374
86,1.4,-0.9855326923
87,2.1,-0.4223575972
88,1.1,-0.4223575972
89,2.7,-0.0843824665
90,2.8947368421,0.2034836548
91,2.65,0.241075377
92,2.3,-0.5100782589
93,2.65,1.1171710981
94,1.7,0.1909464374
95,1.3,-0.4724865368
96,2.55,-2.0370697368
97,2.05,0.241075377
98,1.85,0.1909464374
99,1.85,0.8418421942
100,2.05,-0.8104616675
101,2.05,0.4662753413
102,1.55,0.2285381596
103,2.35,-0.1219741886
104,1.7,-1.073253354
105,3,0.8042504721
106,1.25,1.1046338807
107,2.05,1.1171710981
108,2.9,0.7917132547
109,2.3684210526,-1.0481988493
110,2.5,1.1171710981
111,1.95,0.1157629931
112,3,0.4161464017
113,3.7,0.1408174979
114,2.45,0.2285381596
115,2.45,-0.7728699454
116,1,0.1909464374
117,2.4,0.1909464374
118,2.25,0.4537381239
119,1.4,0.5289215682
120,1.7,0.1909464374
121,2,-0.7728699454
122,2.6842105263,0.1909464374
123,1.15,-0.4223575972
124,2.6,0.2034836548
125,1.6,0.491329846
126,1.15,-1.4363029196
127,2.5,0.17840922
128,2.9,0.491329846
129,1,-0.7352782233
130,2.2,0.5038670635
131,1.9,0.491329846
132,2.8,0.1909464374
133,1.95,0.1909464374
134,2.05,-0.1219741886
135,2.05,-0.4724865368
136,2.55,0.491329846
137,3.65,1.1046338807
138,1.45,-0.1595659108
139,2.1,-0.1094369712
140,1.85,-0.1470286933
141,2.65,0.5038670635
142,2.1,0.1909464374
143,2.2,-0.5100782589
144,2.4736842105,-0.1971576329
145,2.3,0.17840922
146,1.35,0.8418421942
147,1.2,0.1408174979
148,2.05,-0.1219741886
149,1.8,0.8042504721
150,2.45,-0.8480533897
151,2.6,-1.4613574243
152,3.4,-0.4223575972
153,2.1,0.1909464374
154,2.85,0.2034836548
155,2.55,-0.4975410415
156,3.3,-0.1595659108
157,3.2,-0.1094369712
158,2.3,-0.1470286933
159,2.15,0.17840922
160,2.9,0.2034836548
161,2.5,0.17840922
162,2.3,0.1408174979
163,3,0.8042504721
164,2.1,-0.1219741886
165,3.2,-0.1219741886
166,2,-0.1219741886
167,1.25,-0.7352782233
168,2.05,-0.1470286933
169,2.15,1.1046338807
170,2.65,-0.8104616675
171,2.6,-0.1721031282
172,1,-0.760332728
173,3.15,-2.7005027111
174,2.4,0.5414587856
175,2.6,-0.1595659108
176,3.35,1.1171710981
177,2.6111111111,0.491329846
178,1.55,0.241075377
179,2.55,0.241075377
180,3.2,-0.822998885
181,1.75,-0.4223575972
182,3.55,0.8042504721
183,1.85,0.8418421942
184,2.2,-0.1721031282
185,2.6,0.1533547153
186,2.05,0.8042504721
187,3.45,0.17840922
188,2.05,0.4412009065
189,3.15,0.2034836548
190,1.55,-0.5100782589
191,2.4,-0.8480533897
192,2.55,-0.3596914402
193,2.6,0.241075377
194,2.25,0.1408174979
195,2.9,0.17840922
196,3.5263157895,-0.4098203798
197,2,0.491329846
198,1.75,0.1909464374
199,1.95,0.491329846
200,1.35,-1.7742780504
201,1.4,0.5038670635
202,2.25,0.17840922
203,2.6842105263,-0.4098203798
204,2.25,-1.8244069899
205,1.15,0.1909464374
206,2.7,0.241075377
207,2.15,0.1909464374
208,3.3,-0.0843824665
209,2.5,0.7666587499
210,1.65,-0.1219741886
211,2.2,-0.1470286933
212,2.2,-0.1219741886
213,1.6,-0.3847658751
214,2.25,-0.1219741886
215,1.3,-0.0968997538
216,2.1,-0.1219741886
217,3.2,1.1673000377
218,1.5,-0.8104616675
219,2.1,-0.4724865368
220,2.4,-0.4724865368
221,1.95,1.1171710981
222,2.75,-0.1595659108
223,2.05,0.8042504721
224,2.85,-0.5226154764
225,3,0.491329846
226,1.45,0.5038670635
227,1.35,-0.1219741886
228,1.9,0.1909464374
229,3.4,0.9295628559
230,2.8,0.1909464374
231,2.7,0.2285381596
232,1.85,0.8418421942
233,2.55,0.491329846
234,2.9,-0.1219741886
235,2.15,-0.4223575972
236,2.3,0.17840922
237,3.35,-0.1094369712
238,2.6,-0.4724865368
239,2,1.1171710981
240,1.9,1.4175545067
241,2.25,0.5038670635
242,2.75,0.8042504721
243,2.45,-1.1108450762
244,2.2,-0.4223575972
245,2.95,0.491329846
246,1.8,-0.1595659108
247,3,0.17840922
248,3.05,0.17840922
249,3.1,0.491329846
250,1.95,0.4662753413
251,2.4,-0.5100782589
252,2.1,0.241075377
253,2.1,-1.4363029196
254,2.25,0.5414587856
255,3.1,-0.1094369712
256,2.9,-1.3736367626
257,1.95,-0.7728699454
258,2.05,1.1171710981
259,2.15,0.1909464374
260,2.95,0.5038670635
261,1.9,0.491329846
262,2.4,0.5790505078
263,1.4,-0.8104616675
264,2.55,-0.1595659108
265,1.9,0.5038670635
266,3.55,-0.1219741886
267,2.75,-0.4724865368
268,2.25,-0.1470286933
269,1.95,0.1909464374
270,2.35,-0.4223575972
271,2.1,1.1171710981
272,2.45,0.8042504721
273,2.65,0.1909464374
274,2,0.2034836548
275,1.3684210526,-0.1094369712
276,2.5,0.8167876895
277,2.4,0.8669166291
278,3.15,-1.0857905714
279,1.75,-1.4363029196
280,1.6,0.5038670635
281,2.1,-0.1219741886
282,2.4,-0.1219741886
283,2.6,-0.1971576329
284,3.25,0.1408174979
285,1.9,-0.1094369712
286,2.1,-0.1219741886
287,1.35,0.8543794116
288,2.15,-1.4112284848
289,1.9,0.1909464374
290,1.8,-0.1595659108
291,1.9,-0.1094369712
292,2.75,-0.2096948503
293,1.95,-0.7728699454
294,2.95,0.1909464374
295,2,0.17840922
296,1.2,0.491329846
297,2.05,0.5038670635
298,1.55,0.1909464374
299,1.35,0.4537381239
300,3.1,0.8042504721
301,2.4,0.491329846
302,1.55,0.491329846
303,1.75,-0.1094369712
304,2.95,-0.1219741886
305,2.9,-1.1735112332
306,2.1,-0.1721031282
307,1.9,-0.7854071628
308,1.8,-0.4348948146
309,2.65,0.1408174979
310,2,-0.071845249
311,1.3,-0.4098203798
312,1.9,0.17840922
313,1.6,-1.073253354
314,2.7,0.5038670635
315,2.7,-0.4223575972
316,2.9,-0.4724865368
317,2.6,-0.4975410415
318,2.4,1.1547628203
319,1.65,-0.7352782233
320,2,-0.1219741886
321,2.25,-0.1094369712
322,3.75,-0.4599493194
323,1.6,-0.7854071628
324,2.25,0.1909464374
325,1.9,-0.1971576329
326,1.65,0.4161464017
327,3.05,0.2034836548
328,1.7,1.4175545067
329,1.4,0.491329846
330,1,0.5414587856
331,2.3,0.1408174979
332,3.45,-0.760332728
333,2.4,0.491329846
334,2.3,0.1909464374
335,3.05,0.1408174979
336,2.65,1.1171710981
337,2.9,-0.134511406
338,2.35,0.8418421942
339,3.35,-0.5602071985
340,2.5,-1.073253354
341,1.8,-0.7728699454
342,2.75,0.1909464374
343,3.15,-0.1721031282
344,2.45,0.8042504721
345,2.7,-0.4098203798
346,2.3,-0.4223575972
347,2.55,0.7917132547
348,2.15,-0.7102037884
349,2.3,0.8167876895
350,2.15,0.1909464374
351,1.6,0.2034836548
352,1.3,0.1909464374
353,2.3,-0.1094369712
354,2.1,0.1909464374
355,2.4,0.1909464374
356,2.55,0.4787926286
357,2.7,0.5038670635
358,3.25,-0.1219741886
359,1.4,0.5038670635
360,2.25,0.7666587499
361,3.15,-0.1595659108
362,2.2,0.1533547153
363,2.7,0.1909464374
364,2.65,0.1408174979
365,2.75,0.1909464374
366,2,0.8042504721
367,2.95,0.7666587499
368,1.95,0.1909464374
369,1.45,-1.4363029196
370,1.15,0.17840922
371,2.65,0.491329846
372,2.65,-0.4223575972
373,2.2,0.5038670635
374,2.9,0.491329846
375,2.4,0.1909464374
376,2.05,-0.7352782233
377,2.9,0.1909464374
378,2.1,0.1408174979
379,3.25,0.015505114
380,2.05,0.17840922
381,2.35,-0.1595659108
382,1.65,0.491329846
383,1.5,-0.1219741886
384,1.3,0.491329846
385,1.45,-0.4223575972
386,2.25,0.8042504721
387,2.7,-0.7227410058
388,2,0.4537381239
389,2.8,0.491329846
390,1.5789473684,0.5038670635
391,2.45,-0.4098203798
392,1.9,-0.2096948503
393,2.9,-0.1971576329
394,2.25,-0.7227410058
395,3.15,-0.7352782233
396,1.7,-0.1219741886
397,2.05,0.17840922
398,1.55,0.7666587499
399,2.65,-0.4599493194
400,1.55,-0.1094369712
401,1.85,-0.1971576329
402,3.1,-0.1094369712
403,2.45,-0.1971576329
404,1.65,-1.4363029196
405,2,0.1909464374
406,2.65,0.8042504721
407,1,0.1909464374
408,2.85,0.1157629931
409,2,-1.073253354
410,2.3,-0.0968997538
411,3.1,-0.7227410058
412,3.4,-0.1094369712
413,1.85,0.5038670635
414,2.55,0.491329846
415,3.15,-0.2096948503
416,1.6,0.1032257757
417,2.3,-0.7102037884
418,2.45,1.1673000377
419,1.8,-0.071845249
420,2.5789473684,-0.2719707785
421,3.2,-0.4975410415
422,2.25,-1.4488202069
423,2.65,0.2034836548
424,2.05,-0.1595659108
425,2.4,0.1533547153
426,1.7,-1.0356616319
427,2.2,-0.4223575972
428,2.55,-0.7352782233
429,2.3,0.7917132547
430,2.25,-0.4599493194
431,2.9,0.1909464374
432,2.9,-0.1470286933
433,2.55,-0.8605906071
434,1.5,0.491329846
435,1,0.8042504721
436,2.85,-0.1971576329
437,1.15,0.241075377
438,1.95,-0.1094369712
439,2.2,-0.4975410415
440,1.9,-0.4724865368
441,1.95,-1.4237657022
442,2.4,-0.7352582931
443,2.2,-0.4098203798
444,2.8,0.1157629931
445,1.5,0.7666587499
446,1.3,-0.4223575972
447,1.8,0.8167876895
448,2.7,-0.4348948146
449,2.2,-0.1808140705
450,2.35,0.5289215682
451,2.4,-0.071845249
452,2.35,0.1909464374
453,2.8,0.1909464374
454,2.85,-1.0607161366
455,1.95,0.8042504721
456,2.1,-0.7728699454
457,2.45,-0.4223575972
458,2.6,-0.1971576329
459,1.35,-1.0231244144
460,1.3,-0.3722286576
461,2.95,1.1171710981
462,2.15,-0.1595659108
463,2.8,0.2034836548
464,2.3,-0.4098203798
465,1.65,-0.1219741886
466,1.3,-0.1219741886
467,2,0.2285381596
468,2.55,0.1909464374
469,2.7,0.491329846
470,3,-1.073253354
471,1.9473684211,0.5038670635
472,3.05,-0.4724865368
473,2.4,0.5038670635
474,3.15,0.7917132547
475,2.9,-0.4223575972
476,3.15,-0.4348948146
477,2.7,-0.2472865725
478,3.35,-0.8981823293
479,1.65,-0.4348948146
480,1.35,-0.5226154764
481,2.8,0.6047875974
482,1.4,0.0323528486
483,2,0.0323528486
484,1.7,0.318570223
485,1.5,0.318570223
486,1,-3.1670344684
487,2.1,0.318570223
488,3.9,-0.0444907237
489,3.4,0.1648830785
490,1,-0.4546225367
491,2.6,-0.1684051623
492,1.2,-0.4546225367
493,2.9,-0.4546225367
494,2.1,0.318570223
495,3.5,0.0323528486
496,3,-0.6083096812
497,1.1,0.318570223
498,2.2,0.0323528486
499,1.5,0.0323528486
500,2.9,-0.4075516704
501,1,-0.7408399111
502,2.1,-0.8945270556
503,3.1,-0.1684051623
504,1.6,0.318570223
505,3.2,-0.3307080981
506,2.2,-0.8945270556
507,1.9,-0.4546225367
508,2,-0.1684051623
509,1.8,0.0323528486
510,1.6,0.1946557844
511,2.7,0.318570223
512,1.1,-0.2750214405
513,3.1,0.318570223
514,1.1,-0.3691631731
515,2.9,-0.2538645258
516,2.6,0.0323528486
517,2.9,0.318570223
518,1.7,0.318570223
519,2.4,-0.0444907237
520,2.2,0.318570223
521,1.6,0.0323528486
522,3.3,0.5193282339
523,2.2,-0.8176834834
524,2.9,0.6047875974
525,2,0.318570223
526,1.1,0.318570223
527,2.1,0.0323528486
528,2.8,-1.0184414942
529,3.1,-0.3989358791
530,2.3,0.3954137953
531,2,0.318570223
532,1.7,-1.2575880023
533,2,-0.3307080981
534,1.1,0.318570223
535,1.8,0.318570223
536,1.4,0.318570223
537,2.4,-0.4546225367
538,1.8,-0.4546225367
539,1.9,0.318570223
540,3.5,-0.8176834834
541,2.3,0.0323528486
542,1.3,-0.1684051623
543,1.3,0.5577167311
544,1.7,-0.0444907237
545,1.9,0.1648830785
546,1.7,0.318570223
547,2.2,0.0323528486
548,1,0.0323528486
549,1.2,-0.941597922
550,2.4,1.1772223462
551,3.3,0.318570223
552,2.3,-0.0444907237
553,1.5,0.0323528486
554,1.4,-0.4546225367
555,2.6,-0.2452487345
556,1.8,0.0323528486
557,3.9,0.9678485441
558,2.7,0.0323528486
559,1.3,0.6816311697
560,1.2,-0.6937690448
561,1.4,0.0025801426
562,2.8,-0.0444907237
563,3.3,0.728702036
564,2.6,-0.6937690448
565,1,-0.1684051623
566,2.4,0.0323528486
567,2.1,-0.4546225367
568,1.5,-0.3307080981
569,1.7,-0.1684051623
570,1.2,-0.7408399111
571,1.4,0.6047875974
572,2,0.6047875974
573,2.8,-0.9799864192
574,2.9,0.318570223
575,2.8,0.2331108594
576,3,-0.3691631731
577,2.8,0.0323528486
578,1,-0.4546225367
579,1.5,-0.1684051623
580,4,0.8055456083
581,1.7,-0.4546225367
582,1.5,-0.5785369753
583,3.2,-0.4546225367
584,3.5,0.5193282339
585,1,0.0323528486
586,1.6,0.318570223
587,2.2,0.318570223
588,2.4,0.0323528486
589,3.7,0.9678485441
590,2.6,-0.531466109
591,1.9,-0.531466109
592,1.2,0.4040295866
593,2.1,0.3954137953
594,2.7,-0.531466109
595,2.5,-0.4546225367
596,2.2,-0.4546225367
597,2.1,0.0323528486
598,3.3,0.4040295866
599,1.9,-0.0829457987
600,1,0.0323528486
601,1.2,-0.7408399111
602,1.4,0.6816311697
603,2.1,0.318570223
604,2.1,-1.5438053767
605,1.9,-0.8176834834
606,1.9,0.1648830785
607,2.1,0.0323528486
608,2.1,-1.2575880023
609,2,0.318570223
610,2.1,-0.8176834834
611,1.8,0.0323528486
612,1,0.6047875974
613,2.8,0.318570223
614,1,0.318570223
615,1.4,0.0323528486
616,1.1,0.0323528486
617,2,0.318570223
618,2.5,-0.0444907237
619,1.5,-0.2452487345
620,1,0.3954137953
621,2.9,-0.0444907237
622,1.6,-0.4546225367
623,3.1,0.7670905332
624,2.8,0.0323528486
625,1.6,-0.7408399111
626,1.8,-0.0444907237
627,2.1,0.6047875974
628,2.5,-1.1423559328
629,3.1,0.1178122121
630,1.1,0.3954137953
631,2.2,0.318570223
632,2.4,-0.6937690448
633,1,-0.8176834834
634,3.5,0.2417266507
635,1.7,-0.4075516704
636,2.5,0.0323528486
637,1.9,-0.8176834834
638,2.3,-0.6083096812
639,1.7,0.0323528486
640,1.5,0.318570223
641,3.3,0.0323528486
642,2.7,-0.4546225367
643,2.6,1.3011367848
644,1.4,-0.3691631731
645,1,0.0323528486
646,1.6,-0.1684051623
647,1.9,0.318570223
648,1.9,0.6047875974
649,3.4,0.318570223
650,3.4,0.8910049718
651,1.7,-0.4546225367
652,2.3,-0.2836372318
653,2.2,0.0409686399
654,1.8,0.318570223
655,2.4,0.318570223
656,1.6,0.0323528486
657,1.4,-0.4546225367
658,2.2,-0.4546225367
659,2.1,0.3954137953
660,2.7,-0.8647543497
661,1.6,0.0323528486
662,1.9,0.8055456083
663,2.3,-0.1684051623
664,2.2,0.318570223
665,2,0.6047875974
666,2,-0.1684051623
667,2.5,0.4808731588
668,2.4,0.2417266507
669,2.5,-0.2538645258
670,2.2,0.318570223
671,1.6,0.0323528486
672,1.7,0.0323528486
673,1,-0.09156159
674,2.6,-0.941597922
675,1.7,-0.4546225367
676,2.5,-0.1684051623
677,4,-0.1684051623
678,2.2,0.4511004529
679,1,-0.0444907237
680,1,0.5279440251
681,2.9,0.0794237149
682,2.6,0.6047875974
683,1.5,0.0323528486
684,2.3,0.5193282339
685,2.8,0.2417266507
686,2,0.4040295866
687,3.2,0.8141613996
688,2.3,-0.4546225367
689,1.6,0.8910049718
690,3.1,0.318570223
691,1,-0.1684051623
692,1.8,0.318570223
693,3,-0.4546225367
694,2.4,0.318570223
695,2.2,0.5279440251
696,1.3333333333,0.8055456083
697,2.2,-0.7322241198
698,3.4,0.6047875974
699,2.3,0.9380758382
700,2.6,0.1178122121
701,1.2,0.0323528486
702,3.3,-0.1684051623
703,1.6,0.2417266507
704,1.9,0.318570223
705,2.4,0.6047875974
706,2.2,-0.0444907237
707,2.4,-0.1684051623
708,1.7,-0.4546225367
709,2.5,0.0323528486
710,1.3,1.0917629827
711,1,0.6047875974
712,2.7,-0.1684051623
713,1.9,-0.8176834834
714,2.3,0.2417266507
715,2.7,1.0917629827
716,2.2,0.9380758382
717,1.7,0.2417266507
718,3.5,0.0323528486
719,2.5,-0.7408399111
720,3.4,0.318570223
721,2,-0.6937690448
722,1.7,1.2540659185
723,1.5,0.1178122121
724,2.7,-0.4546225367
725,3.1,0.318570223
726,1,0.0323528486
727,1,0.0323528486
728,1,1.3779803571
729,2.4,0.0323528486
730,2.1,-0.941597922
731,1.5,0.0323528486
732,1.7,-0.1299500872
733,1.8,0.9678485441
734,1.8,-0.4546225367
735,1.9,-0.8945270556
736,1.3,0.4040295866
737,2.8,0.6047875974
738,2.4,-0.4546225367
739,3.5,-0.4546225367
740,1.1,0.0323528486
741,2.9,-0.1684051623
742,2.7,-0.09156159
743,2.7,0.4040295866
744,1,0.0323528486
745,1.7,0.3954137953
746,2.8,-0.6937690448
747,2.4,0.2417266507
748,1.9,0.6047875974
749,1.9,0.318570223
750,2.5,1.3779803571
751,1.4,-0.4546225367
752,2.7,-0.3307080981
753,2.5,0.6047875974
754,2.1,-0.6937690448
755,1.3,0.8055456083
756,2.8,-0.0358749324
757,1.7,0.5193282339
758,1,0.8055456083
759,2,-0.1684051623
760,2.2,-0.0358749324
761,2.1,0.318570223
762,3.1,-0.1684051623
763,3.2,-0.0444907237
764,1.9,0.3954137953
765,3.2,0.0323528486
766,2.4,0.0323528486
767,3,-0.6553805476
768,1.8,-0.7408399111
769,1.9,0.318570223
770,1.9,-0.0444907237
771,2.5,-0.3777789644
772,1.8,-0.4546225367
773,1.5,-0.4546225367
774,2.1,0.318570223
775,2.7,0.5193282339
776,2.2,0.1091964208
777,2.8,0.318570223
778,2,-0.1684051623
779,2.3,0.6047875974
780,2.1,0.8910049718
781,1.3,-1.1039008578
782,2.7,-0.531466109
783,1.7,-0.6937690448
784,2.5,0.6047875974
785,2.4,0.318570223
786,3,-0.0444907237
787,3.9,0.2119539448
788,1,0.1091964208
789,2,0.1091964208
790,1.7,-1.2575880023
791,1.2,-0.2923196009
792,3.6,-0.1684051623
793,2.9,-0.2538645258
794,1,0.2714993567
795,2.4,0.318570223
796,1.6,0.0323528486
797,1.4,0.0409686399
798,1,0.5577167311
799,1.8,0.1178122121
800,2,-0.8176834834
801,2,-0.8945270556
802,2.8888888889,0.2417266507
803,1.3,-0.2538645258
804,1,-0.7408399111
805,1.8,0.318570223
806,2.2,-0.0444907237
807,1.6,0.3954137953
808,2.3,0.8910049718
809,4,0.318570223
810,2.4,-1.1807444301
811,2.2,0.318570223
812,2.2,0.0323528486
813,2.9,-0.7408399111
814,1.1,0.3954137953
815,3,0.7670905332
816,2.2,-0.0444907237
817,1.2,0.318570223
818,1.5,-0.6937690448
819,2.3,0.6047875974
820,3.5,0.318570223
821,3.7,0.8141613996
822,1.5,-0.9799864192
823,1.1,0.6047875974
824,3,0.9380758382
825,1.6,0.0323528486
826,1.5,-0.7408399111
827,1.4,-0.7408399111
828,1.1,0.0323528486
829,3.2,0.318570223
830,2.7,-0.5785369753
831,2.5,-2.4793010722
832,3.1,-0.1684051623
833,2.8,-0.1684051623
834,1.8,-0.4546225367
835,2.1,0.0323528486
836,3.3,-0.7408399111
837,3.6,-0.7408399111
838,1.2,0.6047875974
839,1,0.6816311697
840,1,-0.6553805476
841,1.9,0.6047875974
842,3.8,1.5402832929
843,2.1,-0.770612617
844,1.9,-0.2538645258
845,1.2,0.6816311697
846,1.1,0.0323528486
847,2.9,0.6047875974
848,1.6,0.0323528486
849,1.9,-0.8176834834
850,1.7777777778,0.2417266507
851,1,-0.1684051623
852,2.1,-0.1684051623
853,2.6,-0.7408399111
854,1,-0.7408399111
855,1.7,0.318570223
856,2.4,0.8823891805
857,3,-0.09156159
858,3,0.5193282339
859,1.1,-0.09156159
860,2.5,0.5577167311
861,1.4,0.0323528486
862,2.4,0.1946557844
863,2.9,-0.4546225367
864,1.7,-0.4546225367
865,1.3,-0.3307080981
866,1.1,-0.4546225367
867,1.6,-1.9539371897
868,2.4,-0.4546225367
869,2,-0.7408399111
870,2,1.1945861789
871,1.8,-0.2154760286
872,2.9,0.0323528486
873,2.5,-1.4334515843
874,3.2,0.5279440251
875,1.8,0.6047875974
876,2.3,-1.3430473659
877,1.5,0.8910049718
878,3.5,1.4548239294
879,2.8,0.0323528486
880,3.2,-0.3220923068
881,4,0.1648830785
882,3,-0.4075516704
883,2.1,-0.6937690448
884,3.5,-0.1684051623
885,2.5,-0.0444907237
886,2,0.318570223
887,2.1,-0.8176834834
888,1.7,0.0323528486
889,2.4,-0.941597922
890,1.8,0.1178122121
891,3.1,0.318570223
892,1.5,-0.1684051623
893,1.8,-0.7408399111
894,2.1,0.2417266507
895,1.8,0.318570223
896,3.3,0.1562672872
897,1.6,0.0323528486
898,1.9,-0.2154760286
899,2,-0.0444907237
900,2.9,-1.1807444301
901,2.2,0.6047875974
902,2.1,-0.0444907237
903,3,0.9678485441
904,2.5,-0.6937690448
905,2.4,-0.2538645258
906,2.9,-0.6083096812
907,1.5,0.318570223
908,1.2,1.1772223462
909,2.3,0.318570223
910,4,0.318570223
911,3.7,-0.2538645258
912,2.3,-0.09156159
913,2.1,0.0323528486
914,3.1,-0.1684051623
915,2.6,-0.3307080981
916,3.3,-0.4546225367
917,2.3,-1.8684778262
918,1,-0.941597922
919,2.7,0.318570223
920,3.2,0.2417266507
921,2.2,-0.7408399111
922,1.4,0.1178122121
923,2.4,-0.3307080981
924,1.8,0.318570223
925,1.2,0.3954137953
926,3.3,0.690246961
927,2,0.318570223
928,2.1,0.2417266507
929,2.5,0.0274745715
930,1,0.8910049718
931,1,0.0323528486
932,2.8,-0.4546225367
933,2.5,0.3954137953
934,2,-0.4075516704
935,2.7,0.0323528486
936,3.2,-0.3307080981
937,1.5,0.318570223
938,1.9,-0.7408399111
939,1.7,0.0323528486
940,2.3,0.318570223
941,2.5,0.318570223
942,2.3,-0.1684051623
943,1.9,-0.09156159
944,1.2,0.8910049718
945,1.6,0.0323528486
946,2.6,0.318570223
947,3.1,-0.0444907237
948,1.5,0.0323528486
949,2.5,0.8910049718
950,1,-0.4546225367
951,2.8,1.3011367848
952,1.9,-0.4546225367
953,1.4,-0.4546225367
954,3.6,0.0323528486
955,1.8,0.1648830785
956,1.6,1.0917629827
957,2.3,0.318570223
958,1.9,0.318570223
959,1.7,0.8910049718
960,1.3,-1.1039008578
961,2.6,0.318570223
962,3.4,0.6047875974
963,3.9,-0.3307080981
964,2.5,0.318570223
965,2.6,0.0323528486
966,3.6,0.3954137953
967,2.5,1.2540659185
968,2.2,0.1178122121
969,1.2,0.1178122121
970,2.1,0.0323528486
971,2,0.318570223
972,2.8888888889,-0.1684051623
973,2.4,0.6047875974
974,1.7,-0.7408399111
975,1,0.318570223
976,1.4,0.318570223
977,2.4444444444,-0.2086573644
978,2.6,0.6816311697
979,1,0.0323528486
980,3.7,0.3954137953
981,2.6,0.318570223
982,2.1,0.0323528486
983,1.1,0.318570223
984,2.8,-0.3307080981
985,2,-0.0444907237
986,2,-1.2575880023
987,1.5,0.6047875974
988,2.5,0.318570223
989,2.5,0.0323528486
990,1.8,0.0323528486
991,2.3,0.4808731588
992,1.4,0.0323528486
993,2.1,0.1648830785
994,2.3,-0.4546225367
995,3.1,0.9678485441
996,3.1111111111,-0.2452487345
997,1.8,-1.1807444301
998,2.5,0.318570223
999,2.8,0.0323528486
1000,1,0.0323528486
1001,2.7,-0.531466109
1002,2.4,-0.09156159
1003,2,0.6047875974
1004,1.6,0.7584747419
1005,1,0.0323528486
1006,1.1,-0.7408399111
1007,2.9,-0.4546225367
1008,1.9,-0.09156159
1009,1,-0.4546225367
1010,1.4,-0.4843952426
1011,2.6,0.0323528486
1012,2.2,1.6641977315
1013,2.6,-0.7408399111
1014,2.4,-0.0444907237
1015,2.3,0.7670905332
1016,1,0.3954137953
1017,1.9,-0.1684051623
1018,2.8,-0.4843952426
1019,2.2,0.318570223
1020,1.5,-0.531466109
1021,2.4,0.0323528486
1022,2.7,-0.0444907237
1023,1.1,-1.1039008578
1024,3.2,-0.8945270556
1025,1.1,-0.1684051623
1026,2,0.5193282339
1027,1.4,-0.4546225367
1028,1.9,0.5193282339
1029,3.4,0.0323528486
1030,2.8,0.0323528486
1031,3.9,-0.2538645258
1032,2.1,0.0323528486
1033,2.9,0.8910049718
1034,1.7,-0.3733392051
1035,1.8,-0.1274520219
1036,1.7,0.3858023754
1037,2.1,-0.3733392051
1038,1,0.1833048735
1039,2.1,0.3858023754
1040,1.2,0.7063487361
1041,2.5,0.0652560146
1042,1,0.0652560146
1043,3.7,-0.0527928443
1044,2.2,-0.5758367069
1045,1.4,-0.8119344248
1046,1,0.0652560146
1047,1.5,0.0652560146
1048,1.4,-0.8865936023
1049,1.3,0.1833048735
1050,1.7,0.2579640511
1051,1.4,0.0652560146
1052,2.7,0.6965592708
1053,2.2,0.0652560146
1054,1.2,0.0652560146
1055,2.1,0.8243975951
1056,1.6,0.3858023754
1057,3.6666666667,-1.1539608163
1058,3,0.0652560146
1059,2,0.3858023754
1060,1.2,0.3858023754
1061,1.1,-0.2455008808
1062,2.3,-0.5660472416
1063,1.3,-0.1274520219
1064,2.8,-0.3733392051
1065,1.6,-0.0527928443
1066,2.4,0.5038512343
1067,1.8,0.2677535164
1068,2.3,0.3111431978
1069,2.4,0.0652560146
1070,1.4,-0.2552903462
1071,2.1,-0.9299832838
1072,1.9,0.0652560146
1073,2.3,0.4604615529
1074,1.3,0.0652560146
1075,2.1,0.5038512343
1076,2.2,0.2677535164
1077,1.2,0.0652560146
1078,2.2,-0.0527928443
1079,1.2,0.0652560146
1080,1.5,-0.4479983826
1081,1.9,-0.6938855659
1082,2.6666666667,-0.0527928443
1083,1.1,0.0652560146
1084,2.9,0.3858023754
1085,2,-1.1324807856
1086,2.7,-0.1274520219
1087,2.3,-0.1274520219
1088,1.1,0.0652560146
1089,2.2,-0.3733392051
1090,2.5,0.3858023754
1091,1.1,0.3858023754
1092,1.7,-0.0527928443
1093,2,0.0652560146
1094,1.2,0.7063487361
1095,2.2,0.3858023754
1096,1.4,-0.5758367069
1097,2,-0.6938855659
1098,2.3,0.8243975951
1099,2.2,0.5038512343
1100,1,0.3858023754
1101,2.8,0.3111431978
1102,2.8,1.0268950969
1103,2,0.0652560146
1104,3.3,0.3858023754
1105,1.3,-0.2552903462
1106,2.1,-0.4479983826
1107,1.3,-0.3733392051
1108,2,0.0652560146
1109,1.1,0.7063487361
1110,2.7,-1.6457351828
1111,2,0.0652560146
1112,2.2,0.5038512343
1113,1,-0.0527928443
1114,1.6,-0.1274520219
1115,1.8,0.0652560146
1116,1.8,-0.7685447434
1117,1.1,-0.2552903462
1118,1.8,0.0652560146
1119,1,0.0652560146
1120,2.3,-1.2071399631
1121,3,0.8243975951
1122,1.6,-0.1274520219
1123,3.3,-0.3733392051
1124,2,0.0652560146
1125,1.3,0.8243975951
1126,1.5,0.7063487361
1127,2,-0.2552903462
1128,3,1.0268950969
1129,2,0.0652560146
1130,2.4,0.0652560146
1131,1.3,1.2196031333
1132,1.4,0.7063487361
1133,1.3,-0.2552903462
1134,3.2,-0.2455008808
1135,2.4,0.1711846882
1136,2.6,-0.4479983826
1137,1.9,-0.0527928443
1138,2.1,0.5038512343
1139,1.7,0.5038512343
1140,2.4,-0.1806311686
1141,2.5,-0.3733392051
1142,2,-0.2552903462
1143,1.2,0.3111431978
1144,1.5,0.3858023754
1145,2.8,-0.3733392051
1146,2.1,-1.1324807856
1147,2,-0.0094031629
1148,2.5,0.3858023754
1149,2.2,0.7063487361
1150,2.3,-0.758755278
1151,2.8,0.5038512343
1152,2.4,-0.1274520219
1153,2.7,0.8990567726
1154,1.8,-0.4479983826
1155,2.5,-0.6407064191
1156,2.3,0.7063487361
1157,3,-0.3733392051
1158,1.2,-0.5226575602
1159,2.5,-0.2552903462
1160,1.2222222222,-0.0527928443
1161,2.2,1.1449439558
1162,1.2,0.0652560146
1163,1.1,1.0268950969
1164,1,1.5401494941
1165,3.5,-0.2552903462
1166,1.7,-0.2552903462
1167,2,0.3858023754
1168,2,0.0652560146
1169,2.1,-1.7203943603
1170,1.1,0.1833048735
1171,1.4,0.0652560146
1172,2,0.7063487361
1173,3.7,-0.2552903462
1174,1.3,-0.5758367069
1175,3,0.2677535164
1176,1.9,0.5038512343
1177,2.1,-0.7685447434
1178,2.1,-0.3733392051
1179,2.4,0.0652560146
1180,3.8,-1.2071399631
1181,2.2,-0.6938855659
1182,2.4,-0.8865936023
1183,2,0.0652560146
1184,2,-0.2455008808
1185,1,0.3858023754
1186,2.9,-0.0527928443
1187,1,-0.3733392051
1188,3.5,0.2579640511
1189,3.1111111111,-0.0296666287
1190,2.6,0.8990567726
1191,1.4,-0.0527928443
1192,1.4,0.3858023754
1193,1.5,0.3111431978
1194,2,0.5038512343
1195,2.5,-0.1274520219
1196,1.6,0.8243975951
1197,2,-0.7685447434
1198,1.1,-0.2552903462
1199,2.3,-0.7685447434
1200,1,0.8243975951
1201,3,-0.2552903462
1202,1.8,-0.0527928443
1203,1.7,-0.1274520219
1204,2.2,0.0652560146
1205,1.8,-0.6407064191
1206,1.1,-0.2552903462
1207,2.1,-0.2552903462
1208,1.1,-0.6938855659
1209,2.1,-0.0527928443
1210,2.1,0.0652560146
1211,1.5,0.0003863024
1212,2.9,-1.7203943603
1213,2.9,-0.0094031629
1214,3.1,0.7063487361
1215,1.6,-0.1274520219
1216,3.1,0.3858023754
1217,2,-0.6938855659
1218,2.9,-0.0527928443
1219,2.7,0.3858023754
1220,2.1,-0.3733392051
1221,1.8,0.0652560146
1222,1.5,0.8990567726
1223,1,-0.0527928443
1224,1.6,1.0268950969
1225,2,-0.4479983826
1226,1.2,-0.2552903462
1227,2.2,0.0652560146
1228,1.8,0.0652560146
1229,2.1,-0.8119344248
1230,1.7,-0.0527928443
